[{"model": "admin.logentry", "pk": 1, "fields": {"action_time": "2024-02-28T02:17:24.071", "user": 1, "content_type": 8, "object_id": "1", "object_repr": "admin@admin.com", "action_flag": 2, "change_message": "[{\"changed\": {\"fields\": [\"Verified\", \"Primary\"]}}]"}}, {"model": "admin.logentry", "pk": 2, "fields": {"action_time": "2024-02-28T10:42:05.703", "user": 1, "content_type": 4, "object_id": "3", "object_repr": "csrgjr", "action_flag": 3, "change_message": ""}}, {"model": "admin.logentry", "pk": 3, "fields": {"action_time": "2024-02-28T10:42:05.710", "user": 1, "content_type": 4, "object_id": "4", "object_repr": "holly123", "action_flag": 3, "change_message": ""}}, {"model": "admin.logentry", "pk": 4, "fields": {"action_time": "2024-02-28T10:42:05.712", "user": 1, "content_type": 4, "object_id": "6", "object_repr": "holly1234", "action_flag": 3, "change_message": ""}}, {"model": "admin.logentry", "pk": 5, "fields": {"action_time": "2024-02-28T10:42:05.715", "user": 1, "content_type": 4, "object_id": "2", "object_repr": "testemail", "action_flag": 3, "change_message": ""}}, {"model": "admin.logentry", "pk": 6, "fields": {"action_time": "2024-02-28T10:42:05.718", "user": 1, "content_type": 4, "object_id": "5", "object_repr": "testtt", "action_flag": 3, "change_message": ""}}, {"model": "admin.logentry", "pk": 7, "fields": {"action_time": "2024-02-28T10:48:53.387", "user": 1, "content_type": 4, "object_id": "7", "object_repr": "cesar", "action_flag": 3, "change_message": ""}}, {"model": "admin.logentry", "pk": 8, "fields": {"action_time": "2024-02-28T10:50:45.958", "user": 1, "content_type": 4, "object_id": "8", "object_repr": "cesar", "action_flag": 3, "change_message": ""}}, {"model": "admin.logentry", "pk": 9, "fields": {"action_time": "2024-02-28T10:59:36.420", "user": 1, "content_type": 7, "object_id": "1", "object_repr": "https://thunder-nutrition-6bac86cc4153.herokuapp.com/", "action_flag": 2, "change_message": "[{\"changed\": {\"fields\": [\"Domain name\", \"Display name\"]}}]"}}, {"model": "auth.permission", "pk": 1, "fields": {"name": "Can add log entry", "content_type": 1, "codename": "add_logentry"}}, {"model": "auth.permission", "pk": 2, "fields": {"name": "Can change log entry", "content_type": 1, "codename": "change_logentry"}}, {"model": "auth.permission", "pk": 3, "fields": {"name": "Can delete log entry", "content_type": 1, "codename": "delete_logentry"}}, {"model": "auth.permission", "pk": 4, "fields": {"name": "Can view log entry", "content_type": 1, "codename": "view_logentry"}}, {"model": "auth.permission", "pk": 5, "fields": {"name": "Can add permission", "content_type": 2, "codename": "add_permission"}}, {"model": "auth.permission", "pk": 6, "fields": {"name": "Can change permission", "content_type": 2, "codename": "change_permission"}}, {"model": "auth.permission", "pk": 7, "fields": {"name": "Can delete permission", "content_type": 2, "codename": "delete_permission"}}, {"model": "auth.permission", "pk": 8, "fields": {"name": "Can view permission", "content_type": 2, "codename": "view_permission"}}, {"model": "auth.permission", "pk": 9, "fields": {"name": "Can add group", "content_type": 3, "codename": "add_group"}}, {"model": "auth.permission", "pk": 10, "fields": {"name": "Can change group", "content_type": 3, "codename": "change_group"}}, {"model": "auth.permission", "pk": 11, "fields": {"name": "Can delete group", "content_type": 3, "codename": "delete_group"}}, {"model": "auth.permission", "pk": 12, "fields": {"name": "Can view group", "content_type": 3, "codename": "view_group"}}, {"model": "auth.permission", "pk": 13, "fields": {"name": "Can add user", "content_type": 4, "codename": "add_user"}}, {"model": "auth.permission", "pk": 14, "fields": {"name": "Can change user", "content_type": 4, "codename": "change_user"}}, {"model": "auth.permission", "pk": 15, "fields": {"name": "Can delete user", "content_type": 4, "codename": "delete_user"}}, {"model": "auth.permission", "pk": 16, "fields": {"name": "Can view user", "content_type": 4, "codename": "view_user"}}, {"model": "auth.permission", "pk": 17, "fields": {"name": "Can add content type", "content_type": 5, "codename": "add_contenttype"}}, {"model": "auth.permission", "pk": 18, "fields": {"name": "Can change content type", "content_type": 5, "codename": "change_contenttype"}}, {"model": "auth.permission", "pk": 19, "fields": {"name": "Can delete content type", "content_type": 5, "codename": "delete_contenttype"}}, {"model": "auth.permission", "pk": 20, "fields": {"name": "Can view content type", "content_type": 5, "codename": "view_contenttype"}}, {"model": "auth.permission", "pk": 21, "fields": {"name": "Can add session", "content_type": 6, "codename": "add_session"}}, {"model": "auth.permission", "pk": 22, "fields": {"name": "Can change session", "content_type": 6, "codename": "change_session"}}, {"model": "auth.permission", "pk": 23, "fields": {"name": "Can delete session", "content_type": 6, "codename": "delete_session"}}, {"model": "auth.permission", "pk": 24, "fields": {"name": "Can view session", "content_type": 6, "codename": "view_session"}}, {"model": "auth.permission", "pk": 25, "fields": {"name": "Can add site", "content_type": 7, "codename": "add_site"}}, {"model": "auth.permission", "pk": 26, "fields": {"name": "Can change site", "content_type": 7, "codename": "change_site"}}, {"model": "auth.permission", "pk": 27, "fields": {"name": "Can delete site", "content_type": 7, "codename": "delete_site"}}, {"model": "auth.permission", "pk": 28, "fields": {"name": "Can view site", "content_type": 7, "codename": "view_site"}}, {"model": "auth.permission", "pk": 29, "fields": {"name": "Can add email address", "content_type": 8, "codename": "add_emailaddress"}}, {"model": "auth.permission", "pk": 30, "fields": {"name": "Can change email address", "content_type": 8, "codename": "change_emailaddress"}}, {"model": "auth.permission", "pk": 31, "fields": {"name": "Can delete email address", "content_type": 8, "codename": "delete_emailaddress"}}, {"model": "auth.permission", "pk": 32, "fields": {"name": "Can view email address", "content_type": 8, "codename": "view_emailaddress"}}, {"model": "auth.permission", "pk": 33, "fields": {"name": "Can add email confirmation", "content_type": 9, "codename": "add_emailconfirmation"}}, {"model": "auth.permission", "pk": 34, "fields": {"name": "Can change email confirmation", "content_type": 9, "codename": "change_emailconfirmation"}}, {"model": "auth.permission", "pk": 35, "fields": {"name": "Can delete email confirmation", "content_type": 9, "codename": "delete_emailconfirmation"}}, {"model": "auth.permission", "pk": 36, "fields": {"name": "Can view email confirmation", "content_type": 9, "codename": "view_emailconfirmation"}}, {"model": "auth.permission", "pk": 37, "fields": {"name": "Can add social account", "content_type": 10, "codename": "add_socialaccount"}}, {"model": "auth.permission", "pk": 38, "fields": {"name": "Can change social account", "content_type": 10, "codename": "change_socialaccount"}}, {"model": "auth.permission", "pk": 39, "fields": {"name": "Can delete social account", "content_type": 10, "codename": "delete_socialaccount"}}, {"model": "auth.permission", "pk": 40, "fields": {"name": "Can view social account", "content_type": 10, "codename": "view_socialaccount"}}, {"model": "auth.permission", "pk": 41, "fields": {"name": "Can add social application", "content_type": 11, "codename": "add_socialapp"}}, {"model": "auth.permission", "pk": 42, "fields": {"name": "Can change social application", "content_type": 11, "codename": "change_socialapp"}}, {"model": "auth.permission", "pk": 43, "fields": {"name": "Can delete social application", "content_type": 11, "codename": "delete_socialapp"}}, {"model": "auth.permission", "pk": 44, "fields": {"name": "Can view social application", "content_type": 11, "codename": "view_socialapp"}}, {"model": "auth.permission", "pk": 45, "fields": {"name": "Can add social application token", "content_type": 12, "codename": "add_socialtoken"}}, {"model": "auth.permission", "pk": 46, "fields": {"name": "Can change social application token", "content_type": 12, "codename": "change_socialtoken"}}, {"model": "auth.permission", "pk": 47, "fields": {"name": "Can delete social application token", "content_type": 12, "codename": "delete_socialtoken"}}, {"model": "auth.permission", "pk": 48, "fields": {"name": "Can view social application token", "content_type": 12, "codename": "view_socialtoken"}}, {"model": "auth.permission", "pk": 49, "fields": {"name": "Can add category", "content_type": 13, "codename": "add_category"}}, {"model": "auth.permission", "pk": 50, "fields": {"name": "Can change category", "content_type": 13, "codename": "change_category"}}, {"model": "auth.permission", "pk": 51, "fields": {"name": "Can delete category", "content_type": 13, "codename": "delete_category"}}, {"model": "auth.permission", "pk": 52, "fields": {"name": "Can view category", "content_type": 13, "codename": "view_category"}}, {"model": "auth.permission", "pk": 53, "fields": {"name": "Can add product", "content_type": 14, "codename": "add_product"}}, {"model": "auth.permission", "pk": 54, "fields": {"name": "Can change product", "content_type": 14, "codename": "change_product"}}, {"model": "auth.permission", "pk": 55, "fields": {"name": "Can delete product", "content_type": 14, "codename": "delete_product"}}, {"model": "auth.permission", "pk": 56, "fields": {"name": "Can view product", "content_type": 14, "codename": "view_product"}}, {"model": "auth.permission", "pk": 57, "fields": {"name": "Can add order", "content_type": 15, "codename": "add_order"}}, {"model": "auth.permission", "pk": 58, "fields": {"name": "Can change order", "content_type": 15, "codename": "change_order"}}, {"model": "auth.permission", "pk": 59, "fields": {"name": "Can delete order", "content_type": 15, "codename": "delete_order"}}, {"model": "auth.permission", "pk": 60, "fields": {"name": "Can view order", "content_type": 15, "codename": "view_order"}}, {"model": "auth.permission", "pk": 61, "fields": {"name": "Can add order line item", "content_type": 16, "codename": "add_orderlineitem"}}, {"model": "auth.permission", "pk": 62, "fields": {"name": "Can change order line item", "content_type": 16, "codename": "change_orderlineitem"}}, {"model": "auth.permission", "pk": 63, "fields": {"name": "Can delete order line item", "content_type": 16, "codename": "delete_orderlineitem"}}, {"model": "auth.permission", "pk": 64, "fields": {"name": "Can view order line item", "content_type": 16, "codename": "view_orderlineitem"}}, {"model": "auth.permission", "pk": 65, "fields": {"name": "Can add user profile", "content_type": 17, "codename": "add_userprofile"}}, {"model": "auth.permission", "pk": 66, "fields": {"name": "Can change user profile", "content_type": 17, "codename": "change_userprofile"}}, {"model": "auth.permission", "pk": 67, "fields": {"name": "Can delete user profile", "content_type": 17, "codename": "delete_userprofile"}}, {"model": "auth.permission", "pk": 68, "fields": {"name": "Can view user profile", "content_type": 17, "codename": "view_userprofile"}}, {"model": "auth.user", "pk": 1, "fields": {"password": "pbkdf2_sha256$600000$S8YXwMSYlDalr7OmurVszd$b7bbqRIkcFCOJZ7uyUP/VqmwdDC7QIv3B6CiLaMxZ4U=", "last_login": "2024-04-25T15:50:03.891", "is_superuser": true, "username": "admin", "first_name": "", "last_name": "", "email": "admin@admin.com", "is_staff": true, "is_active": true, "date_joined": "2024-02-28T00:12:18.621", "groups": [], "user_permissions": []}}, {"model": "auth.user", "pk": 9, "fields": {"password": "pbkdf2_sha256$600000$EOY9fLlBHjUZ6r30VMlySf$8dpW+yqnevbAdcZeZWU551xmDSGUxO6G0rI1BwsbFvo=", "last_login": "2024-02-29T00:02:22.667", "is_superuser": false, "username": "cesar", "first_name": "", "last_name": "", "email": "cesargarcia.elder@gmail.com", "is_staff": false, "is_active": true, "date_joined": "2024-02-28T10:53:22.841", "groups": [], "user_permissions": []}}, {"model": "auth.user", "pk": 10, "fields": {"password": "pbkdf2_sha256$600000$O4Y4kmIIyAL5VosudeHjFc$HOsGxXA/A5k+5LDecKR5agWxYbMPRbpxPuU9U3sdC0U=", "last_login": "2024-02-28T11:17:52.516", "is_superuser": false, "username": "dhyanagarey", "first_name": "", "last_name": "", "email": "dhyanagarey@gmail.com", "is_staff": false, "is_active": true, "date_joined": "2024-02-28T11:09:10.011", "groups": [], "user_permissions": []}}, {"model": "auth.user", "pk": 11, "fields": {"password": "pbkdf2_sha256$600000$Ze6cWViSA1BFbrW5CNg4AG$smNeizDIFbBwguq/AgEDAwQ4df4tnmTD+J2/vBWNp/g=", "last_login": "2024-02-28T17:40:41.778", "is_superuser": false, "username": "Bruno", "first_name": "", "last_name": "", "email": "mmxmatos@gmail.com", "is_staff": false, "is_active": true, "date_joined": "2024-02-28T17:39:16.406", "groups": [], "user_permissions": []}}, {"model": "auth.user", "pk": 12, "fields": {"password": "pbkdf2_sha256$600000$tAW8Opdljk9JVFAfL1MydL$bf7OQ4iiJGeTIqvsaAu2q+2vhRhTUG9JI0ww8oOn2eo=", "last_login": null, "is_superuser": false, "username": "jonas", "first_name": "", "last_name": "", "email": "j@d.ie", "is_staff": false, "is_active": true, "date_joined": "2024-02-28T19:53:34.408", "groups": [], "user_permissions": []}}, {"model": "auth.user", "pk": 13, "fields": {"password": "pbkdf2_sha256$600000$vfRduGJSsjNuLEnu7uWlWt$09BrXWktrL9hcR1fw9vNxrI8YW50U1xCxjqH+YnLpdc=", "last_login": null, "is_superuser": false, "username": "jonitas69", "first_name": "", "last_name": "", "email": "jonasluiss@gmail.com", "is_staff": false, "is_active": true, "date_joined": "2024-02-28T19:55:55.354", "groups": [], "user_permissions": []}}, {"model": "auth.user", "pk": 14, "fields": {"password": "pbkdf2_sha256$600000$wVPYgydQYoKFoUz0C0XicM$C0G1TxNxbL+QxjER8L+oxuqvk67dqFWSAaWBSzDNUHM=", "last_login": "2024-02-29T04:28:49.473", "is_superuser": false, "username": "matheuslima016@gmail.com", "first_name": "", "last_name": "", "email": "matheuslima016@gmail.com", "is_staff": false, "is_active": true, "date_joined": "2024-02-29T04:15:03.898", "groups": [], "user_permissions": []}}, {"model": "auth.user", "pk": 15, "fields": {"password": "pbkdf2_sha256$600000$WUXLoVg3bQFEdxALQOFd48$HMSkpDlfX/McXP4C7ACGhTiNtlLJ4rFfToVLLG+20F8=", "last_login": "2024-03-04T15:52:10.732", "is_superuser": false, "username": "jehdonelli@gmail.com", "first_name": "", "last_name": "", "email": "jehdonelli@gmail.com", "is_staff": false, "is_active": true, "date_joined": "2024-03-04T15:51:41.067", "groups": [], "user_permissions": []}}, {"model": "auth.user", "pk": 16, "fields": {"password": "pbkdf2_sha256$600000$7GC69iRnOPadvUU3iOU2OY$QVuO3Ne3yTl0vZJi+MUHDFUmKzD7x1jMWvkQq/ajZ+M=", "last_login": null, "is_superuser": false, "username": "RealCesar", "first_name": "", "last_name": "", "email": "mrunknown@nmh.ie", "is_staff": false, "is_active": true, "date_joined": "2024-03-06T14:31:44.909", "groups": [], "user_permissions": []}}, {"model": "auth.user", "pk": 17, "fields": {"password": "pbkdf2_sha256$600000$odqMR8G0pS1DFKf7ZuYfr2$DHxjyCTKV0yg/Cg6ezdD6CXMyOgSAYodmw+HA8OnVpM=", "last_login": "2024-03-06T14:36:34.594", "is_superuser": false, "username": "NotCesar", "first_name": "", "last_name": "", "email": "peler56189@aersm.com", "is_staff": false, "is_active": true, "date_joined": "2024-03-06T14:35:06.731", "groups": [], "user_permissions": []}}, {"model": "auth.user", "pk": 18, "fields": {"password": "pbkdf2_sha256$600000$nzW5zMedTiGK0QR94gfTmg$e8gJ1oQJLF2LB9WH4RXzjO0DI/KupdIKcgbl8JfOs80=", "last_login": "2024-03-28T19:49:27.626", "is_superuser": false, "username": "Souro", "first_name": "", "last_name": "", "email": "mojayaf488@glaslack.com", "is_staff": false, "is_active": true, "date_joined": "2024-03-28T19:48:45.136", "groups": [], "user_permissions": []}}, {"model": "contenttypes.contenttype", "pk": 1, "fields": {"app_label": "admin", "model": "logentry"}}, {"model": "contenttypes.contenttype", "pk": 2, "fields": {"app_label": "auth", "model": "permission"}}, {"model": "contenttypes.contenttype", "pk": 3, "fields": {"app_label": "auth", "model": "group"}}, {"model": "contenttypes.contenttype", "pk": 4, "fields": {"app_label": "auth", "model": "user"}}, {"model": "contenttypes.contenttype", "pk": 5, "fields": {"app_label": "contenttypes", "model": "contenttype"}}, {"model": "contenttypes.contenttype", "pk": 6, "fields": {"app_label": "sessions", "model": "session"}}, {"model": "contenttypes.contenttype", "pk": 7, "fields": {"app_label": "sites", "model": "site"}}, {"model": "contenttypes.contenttype", "pk": 8, "fields": {"app_label": "account", "model": "emailaddress"}}, {"model": "contenttypes.contenttype", "pk": 9, "fields": {"app_label": "account", "model": "emailconfirmation"}}, {"model": "contenttypes.contenttype", "pk": 10, "fields": {"app_label": "socialaccount", "model": "socialaccount"}}, {"model": "contenttypes.contenttype", "pk": 11, "fields": {"app_label": "socialaccount", "model": "socialapp"}}, {"model": "contenttypes.contenttype", "pk": 12, "fields": {"app_label": "socialaccount", "model": "socialtoken"}}, {"model": "contenttypes.contenttype", "pk": 13, "fields": {"app_label": "products", "model": "category"}}, {"model": "contenttypes.contenttype", "pk": 14, "fields": {"app_label": "products", "model": "product"}}, {"model": "contenttypes.contenttype", "pk": 15, "fields": {"app_label": "checkout", "model": "order"}}, {"model": "contenttypes.contenttype", "pk": 16, "fields": {"app_label": "checkout", "model": "orderlineitem"}}, {"model": "contenttypes.contenttype", "pk": 17, "fields": {"app_label": "profiles", "model": "userprofile"}}, {"model": "sessions.session", "pk": "4rhbp150uroqcpp9fafhqyund1k3s5u5", "fields": {"session_data": ".eJyrVirOyC8oyMxLj09OLCpRsqpWMlOyMtRRMoSQIKpWRykxOTm_NK8kviy1KDMtMzUlPjU3MTNHySqvNCcHIVtanFqkZKWUpFQLANI8HM8:1rfNtl:j5P3qxJlRc7p5QtG8sfVNZezm5iOnvDyJwlwyUo8f3E", "expire_date": "2024-03-13T17:39:17.962"}}, {"model": "sessions.session", "pk": "52mt96bnu62cacenkegogsjnsancxbpw", "fields": {"session_data": "eyJzaG9wcGluZ19jYXJ0Ijp7IjIyIjoxfX0:1rtvO0:7CC_XVGqDYB9GDsEoB0AD26-7BB4s-nMZEVPtIuwR80", "expire_date": "2024-04-22T20:14:36.421"}}, {"model": "sessions.session", "pk": "59srfh4c16wt9c5scglvm50wznovuj9j", "fields": {"session_data": "eyJzaG9wcGluZ19jYXJ0Ijp7fX0:1ryGQc:ijaSYmp2GVK8Ce4hTTVhLEnSlaRbqgVblj0dJ_QAycc", "expire_date": "2024-05-04T19:31:14.744"}}, {"model": "sessions.session", "pk": "5zuf0bhwoyxlzun1us164vqag88ou6ob", "fields": {"session_data": "eyJfcGFzc3dvcmRfcmVzZXRfa2V5IjoiYzMzeGRzLTllNjRlNTAyM2YxMjc0M2IzMjNkMDRiMjY2ODQ4OGRmIn0:1rfJ4h:VacqtUNNUrpivKRwNsAHJmT02SrAJWbOoO3ewebt9h0", "expire_date": "2024-03-13T12:30:15.778"}}, {"model": "sessions.session", "pk": "81rpujmfaw7w8z5ypily8t1u5k4k1eue", "fields": {"session_data": "eyJzaG9wcGluZ19jYXJ0Ijp7IjYiOjF9fQ:1riaMF:MmK6K05GqIuWT3VfzNE8EwCJnvnJbE6W_Pxr08TziPU", "expire_date": "2024-03-22T13:33:55.439"}}, {"model": "sessions.session", "pk": "8ytdwlu9ul13js7yjodcczoemljimdg9", "fields": {"session_data": "eyJzaG9wcGluZ19jYXJ0Ijp7IjEiOjF9fQ:1rv6MK:GvVaQL31anpBm5AjuNl9sLdXwhcgCbUYnlXexVrsREI", "expire_date": "2024-04-26T02:09:44.755"}}, {"model": "sessions.session", "pk": "asjqatguootqfo9kj8bh2btpst0qrpke", "fields": {"session_data": "eyJzaG9wcGluZ19jYXJ0Ijp7IjkiOjF9fQ:1rt9Rb:jTNEf16gDHSW7SKvfm9RdiSXJPWq4rCFU_V1lmzKGAk", "expire_date": "2024-04-20T17:03:07.235"}}, {"model": "sessions.session", "pk": "at9oisqq4lajx08url7hbomws0sx06ce", "fields": {"session_data": ".eJx9kM1OwzAQhN_F5yjyTxx7e0LceQKEoo3tNobYrmJHgKq-Ozb0UpC4rXa-mV3NhaAxaY9lwr0sLhZvsPgUp-DKkmwmh-cL-ZnJgZwx5_e0WdIRLOTAFAWmKXDoh5FJxqAjLqBfKxqwxu159QEpGx9Obd2bFKp1z26LGNx_1PWlI98vTY2efLvOBnK3nNG8udgU-4rxlKoxls3PfUP6m5r7p2Td-nhj7wIWzEt1GyVnqbjkZhYCOCpUYOVxFMqIEeWsHWUcYEBNtWMgtURz5KCNZVrgAK2NvyU6O_3uSAtBKa8vZJdzK9l9nP32WSFOYaT0-gVLEIHE:1rfY2L:CjsNAoOStxnBijEe5nbS1AsxxYPVw2sjkdr_lgIrUHA", "expire_date": "2024-03-14T04:28:49.737"}}, {"model": "sessions.session", "pk": "b5p1s8km07yvmumodj9bmuqvs4ejqik3", "fields": {"session_data": "eyJzaG9wcGluZ19jYXJ0Ijp7fX0:1rfKi1:eSdXDPqVJwKevpWLhMpzgY7sQCstJ-wyS0xyc4dgW1k", "expire_date": "2024-03-13T14:14:57.093"}}, {"model": "sessions.session", "pk": "cckqm2a89hcn2zv3rd9vnu903ois32c2", "fields": {"session_data": ".eJx9UNtqxCAQ_Zd5DkFNjJqn0vd-QSlhou7GNtEQTS8s--_V3YWlpfTFkXOZOZwTxCmsq_PHQeOWoD9BBz2tgF0Hze-5AtQ67D4N73ZzB2fNYBd0M_R-n-c7u0e7QQ8W7hDuabI-OY3JBT8sNk3BROifT3D9Z_2KMX6EzRRbTkAFUVQSRlRNRNuItq3gdg4WzOv2OLsFCe0ejgWudViytRz3uNj_VOeXCi6RLlEHV67TFn6AI-o36wtjXtEfQzb6tLmxLpL6xsb6KRg7P960PxZMGKfs1oKPXDDO9Ng0iqFAoQw_dI3QTYd8lJZQplSLkkhLFZcc9YEpqQ2VDbbq7xJz9b87UoxJlhNEG2Pp2H6ubvvKmsx2hJy_AfmhnZI:1rfXri:1ESNMRlmiZLhGMpDkaujOqmT9W7zSxN93le7yLWtPno", "expire_date": "2024-03-14T04:17:50.914"}}, {"model": "sessions.session", "pk": "cm70oarprl1gl3q4m1sstune8epirsj7", "fields": {"session_data": "e30:1rfHya:-UXgoPGw3q-38QETQ3Fq3gR2wcLIaiLEtVzX55u3YsM", "expire_date": "2024-03-13T11:19:52.427"}}, {"model": "sessions.session", "pk": "df9yuvzfr4ja0bkymt8880ebiy7hhrpt", "fields": {"session_data": ".eJxlkM1OxDAMhN_F56rKT5OGHrnzBAhFbuLdBmhSNakAVX13GtjLws3yjD95Zgd0Lm2xWNzKRLEEhyWkaGcqU_IZhucdfmcYYMGcP9LqoQEsMPCec62UErzVnZJGmga2TGvEmU43-jlEOF4a-IHbKtlQORzudiO6N4pV8K8Yr6l1KZY1jG21tDc1t0_J0_vjzXsHmDBPFYsoRqcJjRQMz2AX6jvXIeqLNlp4jyiZ8nzUzjDRGSEeRo0X1TEtRe-pxvrfBnn7N6w2Pev1-UKmnGtb9LmE9QsG1kCe0rKEeLUO1_NsB6nP4-P4Blkidxg:1rpvna:th6fvGfa4n5KXutYV-tlZv6EiAT0WruXsPKFwp93nHM", "expire_date": "2024-04-11T19:52:30.037"}}, {"model": "sessions.session", "pk": "ffnthhumx3whkcwvcppbk658kp18d75s", "fields": {"session_data": "eyJzaG9wcGluZ19jYXJ0Ijp7IjQiOjF9fQ:1rfN9G:I4bpyQBGNIt6E_LzdxCtBbBP1Wcl4nVhjTj532KRHNw", "expire_date": "2024-03-13T16:51:14.562"}}, {"model": "sessions.session", "pk": "fmnzm71qk6g3oy1ux8m0f2dfh23yi1kk", "fields": {"session_data": ".eJxVjMEOgjAQBf-lZ9OUpSzVo3e_gbzutoIaSCicjP9umnDQ68xk3mbAvo3DXtI6TGoupjGnXxYhzzRXoQ_M98XKMm_rFG1N7GGLvS2aXtej_RuMKGPdAhSFE0JLDhDJqffiAc4cmFSB1nXaRJbgyAeic2TkzjtuqddkPl8OKjhx:1s01MJ:ChiL90YarcqhFXZGzXun_siDRm-13uxV4vOC1iRg2xo", "expire_date": "2024-05-09T15:50:03.971"}}, {"model": "sessions.session", "pk": "gs3r0t9fsgiu5khoxzkiehfuasekmmw0", "fields": {"session_data": ".eJxlkMFugzAQRP9lzwjZxtiYY-75gqpCy3optI0dYaOkivLvxW0uaW-rndmnnbkBEsUt5AG3PHPIC2FeYhhOnOfoE_QvN_idoYczpnSJq4cKMEMvrXBSK6FlbVvjrFMVbInXgCfe3Yd1CxHurxX8wIciDUvhSAlPyxHpg0NR_DuGt1hTDHldxrpY6oea6mP0_Hl4eJ8AM6Z5vxZOoBsbr6iRShkavRdMU6utmpTTukPF1lovJnYdUTO2yJM3jI5JYYcl1_862A9_03bGWGv2FxKnVOri63lZv6AX929qKm-f:1rfNv8:O5e01G4UteiL14hU8jBcf8nZ4zpY6wliNPo8mVArRO8", "expire_date": "2024-03-13T17:40:42.004"}}, {"model": "sessions.session", "pk": "h3fpq4legcizo5psa0qib3ay85hcbzkx", "fields": {"session_data": ".eJxtUEtPwzAM_i8-V1XTNintkTsnjghVTuLQQJtMeQzQtP9OOibQEDfre9n-ToBK-ezSfKRgjSU904Z2hcnlda1-2BwpwAQWfiHMaSGXrMJkvZs3SovXEaanE3zPRX_AGN990LstwcQGxgTnnRhqUaa26yrYkx1uVNSPPgcP5-cKLuGXpbPdc9gd3IAS1Ru5ndGv6F58rbxLwcp6l9RXNtYPXtN6f9XeBCwYl-JGKYQmKdt2lEaPohGNlgOOg5C8Q-Kac9PKkaRpzcCaRhRGMUWN1L1krfm_jlLi32870Xd9uSBSjHtb9HGw4ROmpoKIR5qtMx6mFDKdvwAdd4ct:1rpvmP:GDtkUyQM5vLTozfJOqJdi3oICn0FfXcFEA1AXXVTonI", "expire_date": "2024-04-11T19:51:17.309"}}, {"model": "sessions.session", "pk": "h668q8nchslnh9av8hv371rkxlsm1biu", "fields": {"session_data": ".eJxVjDkOwjAUBe_iGlm2w_dCSc8ZrL9YOIAcKU4qxN1JpBTQvpl5b5VxXWpee5nzKOqirDr9boT8LG0H8sB2nzRPbZlH0ruiD9r1bZLyuh7u30HFXrc6UERwYLwwGV9YyA42EUs0BCHakDhZx-D8AAF9CnHTxJ2DGEDxSX2-2ns3Rw:1rfFar:V9scgUXkgTucEidTw2ajzL21B-spKZT9p5FNxTaFzYw", "expire_date": "2024-03-13T08:47:13.672"}}, {"model": "sessions.session", "pk": "heflqjhz63j9jzylxfdvkqce8glz5gqp", "fields": {"session_data": "eyJhY2NvdW50X3ZlcmlmaWVkX2VtYWlsIjpudWxsLCJhY2NvdW50X3VzZXIiOiJkIiwic2F2ZV9pbmZvIjpmYWxzZX0:1rfQ5d:5RFJPib6LsuXq_BjDd_FCKVjuf4mStKtkVd2IArmHyA", "expire_date": "2024-03-13T19:59:41.430"}}, {"model": "sessions.session", "pk": "i9liqwykvzyk0ed9o4jp5hp3d9lcgy08", "fields": {"session_data": "eyJzaG9wcGluZ19jYXJ0Ijp7IjI2IjoxLCIyMCI6MSwiOCI6MX19:1rpq4l:cTw1d5qVB3pqRzIeTU4AjiNXvaWsfxXkRQUufOqKvOU", "expire_date": "2024-04-11T13:45:51.096"}}, {"model": "sessions.session", "pk": "iiu1km4selev98eed28hjaupgexfi2iv", "fields": {"session_data": "eyJzaG9wcGluZ19jYXJ0Ijp7fX0:1ruvMY:ou4fRZCpzruwO3byUmGwQwn7sZu4i5HPha-D3VJ3Z9g", "expire_date": "2024-04-25T14:25:14.097"}}, {"model": "sessions.session", "pk": "ik2tdeh3ft4hk5bxk9vvnm3avm6iht0t", "fields": {"session_data": "eyJzaG9wcGluZ19jYXJ0Ijp7IjE3IjoxfX0:1rfIW7:fJpT07_IDY2cCxmNwdq1luS-q0duw1OMVJeb7L94yIM", "expire_date": "2024-03-13T11:54:31.182"}}, {"model": "sessions.session", "pk": "jgflgmr1ffg0z44cot09g83228wmm9cg", "fields": {"session_data": "eyJzaG9wcGluZ19jYXJ0Ijp7IjI5IjoyLCI2IjoxLCIxIjoxfX0:1rvauO:sQU6YHFQGuaNb4jRbUp8LFvOG9ABxM2j83kBlcucMtY", "expire_date": "2024-04-27T10:46:56.071"}}, {"model": "sessions.session", "pk": "jirz1eo3ziv4i0f0h1lnb94ep106ksv3", "fields": {"session_data": "eyJzaG9wcGluZ19jYXJ0Ijp7IjE4IjozfX0:1rt7s8:jKUKVEe4UVT6m3hKo5l-zNZl1U4b_RWvNMRHvSIwDSE", "expire_date": "2024-04-20T15:22:24.451"}}, {"model": "sessions.session", "pk": "lmlzp151k4l6djybnt1vol4hpi5eypt9", "fields": {"session_data": "eyJzaG9wcGluZ19jYXJ0Ijp7IjEiOjF9fQ:1rl9yd:eNvGzfTzf3HdubQ38jA5MlfLv6a_xZ9KbhmGfDNmyKA", "expire_date": "2024-03-29T16:00:11.954"}}, {"model": "sessions.session", "pk": "lpmd0l4j0mj1rg7xov19sjbkp6oq0zra", "fields": {"session_data": "eyJzaG9wcGluZ19jYXJ0Ijp7IjYiOjF9fQ:1rfIqY:AAg4o4dL6CuWFSS0R4hcso0WDqtZoPTFSNnOtfjGBWM", "expire_date": "2024-03-13T12:15:38.241"}}, {"model": "sessions.session", "pk": "lwmmymnfa9f9pabjmxqgfu6sdxbdhb3q", "fields": {"session_data": ".eJyrVirOyC8oyMxLj09OLCpRsqpWMlOyMtRRMgaTpkCyVkcpMTk5vzSvJL4stSgzLTM1JT41NzEzR8kqrzQnByFbWpxapGSllKZUCwC_wRyo:1rhAbO:4LElbJ9l_tZP3oFpPWJ9wSpyYlAy8vnOTp1je1YSj7g", "expire_date": "2024-03-18T15:51:42.705"}}, {"model": "sessions.session", "pk": "lwxemh7314x9gblqxsqwljiofg907m32", "fields": {"session_data": ".eJxtkE1uxCAMhe_idRQBSfjJsvs5QVUhB5gJbQNRIGqrKHcvtLOZqhvL8nv-5OcD0hzX1YebNrhlGA-gMNIGRKlnA2hM3EPWuOfZhewNZh-DXlyeo00wPh_w28MIK6b0ETcLZa2QqCBKKcHk0ApBVa-6BvbktoCLK260iw9wvjTwA9dV0r5yKDzMJjRvLlTBvmK4xdbEkDc_tdXS3tXUXqJ170937wNgxjRXLCKbDHcoO0awBLs60ZsekV-55MxaxI4Mlk7cSMJ6yZiaOF6HnvCOCevg3284q_-ElZRSWQ5ILqX6K_e5-u0LRnJ-A855d64:1riyPN:Hs-sZkhMqWppJRqlla4zi0UUrlTr6K5_R_jjlAueKOI", "expire_date": "2024-03-23T15:14:45.916"}}, {"model": "sessions.session", "pk": "mfc7i6cbr8qd6otj6fuf5tpghhh7j6ld", "fields": {"session_data": ".eJx1kMFuhCAQht9lzsaAICyemt77BE1jEMaVrYIRNm2z8d0Ldi_bpoeZTP75P5j8N9DGhKtPvb6mCX1yRicXfL9gmoKN0L3e4GeGDlYd40fYLFSgE3RUEtUK2TJSSyIUJbwCXLSbs_WCkw0e59k9nYtUm7Bk7Bpx83rB_xz7WwXHKX1x9q78Slt4EAdt3tGXjb1ofw4Z9GlzQ10s9X0b65dgcX6-ex8emHScMj0MnGFjBqksESiQmpFRdeKNapnUI54ko1ZINra51KhIy3nDLBeM6uEksaTwNzy0_e9sOOOCNPmEiDGWcPFzddsXdKSCOIV1df7cG71l7AYisxXwo6ujN0Xa92825In8:1rhAdB:5JxX9pplI42tGfZ__tTOyRHlx5-i7pvJWHba5nxYbqs", "expire_date": "2024-03-18T15:53:33.115"}}, {"model": "sessions.session", "pk": "n98gysztsulnpvbxf4sktdxz1a081ynv", "fields": {"session_data": ".eJytkstuwyAQRf-FtWuZAePHqu1vVJU1hnGC4kcEOE0V5d9rUqdRKlXZdIfmMneGczkx1Hqax9AcyNnOkmloQNuzepz7PvlRZ0-O1axiCWv26P3H5EzjyFNodvS5KFqIo_FPFSlJeQai41BI0QoQJpMtKFXKsjQdu1niHLY0Bqsx2GlsBgrbyXhWv53Y93lxvY6KbYHVvMgqDkKWMlUFCCEgYeu6TJNHt0GnLabUG3LPm6ikehqW7rj_iAM9uHhOHg7POaTxOZD_-_D3Ba4n7yMOOu6tW8BmSy2SuiTQWHMN4VZrUe9ojAL2fSynK-H0cmeVffpyx_t17bqz2qLfRh_MOihJQ0tcVUVR5B0olBJKoZAT6ApACkReUGnUEnCGOdc8hyrjKtN_hLx8rV8YBeQFlwnzeKDGjt3E6uBmOn8B6kfbgw:1rfJ7Z:UaJQzIWpP1ZaaPQhj0EBHkzYyZD7nIB-mY-TdfO12ow", "expire_date": "2024-03-13T12:33:13.435"}}, {"model": "sessions.session", "pk": "n9w12meev6xkecp21re49vuwnzddzzxk", "fields": {"session_data": ".eJxtUM1ugzAMfhefEUogKYHj7nuCaUImMSUbJFUSuqGq777QVZs67WZ9f7a_C6DWfnWpP1OwoyXT04J2hs6t81z8sGukAB0g_EK4polcshqT9a5fKE3eROheLvA9Z_0JY_zwwey2BB1vWMu5kkqVtZBKNKqAPdnhQlltpg0dHjHQBtfXAm4rbqt7u6dxBg_ggPqd3M6YN3RHX2rvUrBDuUvKOxvLZ29ofrprHwImjFN2a0JTt7w5cNS1qdSoByGZUE0rGA2ixkHwlhnDD6JSUprRcEa6qfSYjUKI_0vJVf79uZGqFXU-IVKMe2n0ebJhg44VEPFMvXWjhy6Fla5fB6KJVA:1rfHqH:FKdgZmVOZq5vhmQfXoyPax0glYhG7x0bAkEPLDMT6Xk", "expire_date": "2024-03-13T11:11:17.277"}}, {"model": "sessions.session", "pk": "r20ukirp2ozaeg57nomv5eqh8o75ul23", "fields": {"session_data": "eyJzaG9wcGluZ19jYXJ0Ijp7IjEzIjoxLCI1IjoxfX0:1ru2Ck:21R_gXjjPskuno4ofq7vD9nwVlQsrUffv2mTgB0frEA", "expire_date": "2024-04-23T03:31:26.256"}}, {"model": "sessions.session", "pk": "riifgnfg43ifkqahwbqenysvzxbdgrkt", "fields": {"session_data": ".eJxlkMFuwyAQRP9lz5aFgWDsY-_5gqpCa1jXtDVEgJNWUf69ps0l7W01M3ramSugtXELxeBWFgrFWyw-BrNSWaLLMD5f4feGEU6Y8yUmBw1ggbHr2SClVoK1fceEULKBLVMKuNKeRrf6ALeXBn7gplrGV04HD9qE9p1CNdwbhtfY2hhK8lNbI-3dze0xOvp4umcfAAvmpWIR-WQVoRac4V5spl5aiahmpRV3DlGwg-smZTXjUnM-TArng2RK8N5RrfV_DXLmb1nRDVyr_YVMOde16PPk0xeMrIGMZzI-zBHGkja6fQOi4HUQ:1rgfgf:0dgiHIz1IBXw6WXciXfqgC8kHUoPAtQ3vyDos6WBlqQ", "expire_date": "2024-03-17T06:51:05.367"}}, {"model": "sessions.session", "pk": "rm2yqm91qypg1efldqqwb2i7pgmapk1n", "fields": {"session_data": ".eJyFUMtuwyAQ_Jc9Wwgwxo9T09-oKrTB6xjVxhHgPhTl32tSX9weelvNYzUzN0Brl9Ung2saySdnMbnFm5nSuPQRupcb_NzQwRVj_FhCDwVggk7UvBVatUoyrTTXQhVAM7ppk1qKGC4YrENGU0_h6ZIZZpd5c6-RgseZ_hHeXwt4BDPZYFzO0MIBO6N9I58JnKYMs70Qe2h2OrLTod7z7jq8GjGO-Q_yQTZk5ZmEbuu6rgapUSnZlBoFSdtKqUpEUVPT67LnHCthRSVbLjS3Qx7n76bUm9-T1VpquSWIFGOenD6vLnxBxwuI-E7G-WGBLoWV7t_gtI3J:1rfTsp:31AHBtRdsmb7pDL5xv7fH5F3W4ntkgBsSKypaSmNUv0", "expire_date": "2024-03-14T00:02:43.502"}}, {"model": "sessions.session", "pk": "tqoxqejpa9v2e89pk6dlbd2lv7s03930", "fields": {"session_data": ".eJw1zbEKgzAYReFXudw5gxFcshXasVO3GglSQ2pbE_mjoIjvXhxcz3C-jfmdxrGPwb1amWg2ak2jd0U3-Jzb4DMN69rSuU9O8ayWCoVCWSlYXrrOd7inmCcvuEUvYcVV-vjF00vCYw6tQJdYUBXF8MOUsKZZcOI48GNpadk03P8H9DHI:1rfNoM:HonWal2Ss5eF-U68HKpQEf3SIapBYsQZQiC_8VrC4sM", "expire_date": "2024-03-13T17:33:42.051"}}, {"model": "sessions.session", "pk": "vcydsng7ebi2jxhunz9423nvjm71n743", "fields": {"session_data": ".eJyFkUtPxCAUhf_LXTcNpQVKl7rWhVtjGgoXi3agKdRHJvPfBZ1kMsbEHbnnnO8-OEKcw7o6_zxqtSUYjsBhaE4VKK3D7tP4hpuzDs2IB-UWGPy-LBd1j7jBADNcSmpPM_rktEou-PGAaQ4mwvB4hJ939q8qxvewmRLLTRtBpGgZa_taCipk11ZQyF4dMLsfUC23GNUGp-pfSE7XrKeC9P0V5D6kM-OpgjFijGU6_Fjd9pnDlEhOSFbK-N9rja40aQRcFSelX9EXxbwo_xxqHXza3FQXS31WY30XDC43Z-8VYFZxzmmCk-1QGquZIZIoZD1ybZhthZBTx7vOUs4aYxglolVEd31nJ0IFNyitZX8fPH_Tr1NwQmnD-tMXHvKf4w:1rhsNm:BiYTLUKJwYsdJ0MrK7TQk0sQtQpltBH8bRLAW9x6Ba8", "expire_date": "2024-03-20T14:36:34.747"}}, {"model": "sessions.session", "pk": "vdmdhar6uxduniwiyhj0bt9c97xr6vva", "fields": {"session_data": "e30:1rfQ2H:DmBtR_EWxKr-WovXHVK5yjIpzccTeyOhn41uAVTfQ4w", "expire_date": "2024-03-13T19:56:13.189"}}, {"model": "sessions.session", "pk": "xmbsxnk0usw8yx6hlaj0i31quhxbhylh", "fields": {"session_data": "eyJzaG9wcGluZ19jYXJ0Ijp7IjMiOjF9fQ:1rfKiK:-byNX3bEFCwjzLuR0XhQimkwH7S9HztbvMJWaNZsRyY", "expire_date": "2024-03-13T14:15:16.620"}}, {"model": "sessions.session", "pk": "xwyl62v50099ckwthitciygaewaccjsc", "fields": {"session_data": "eyJhY2NvdW50X3ZlcmlmaWVkX2VtYWlsIjpudWxsLCJhY2NvdW50X3VzZXIiOiI2In0:1rfHKw:KOxkA-eaHMKEDyCFxnvbgyEu-jS1BNDSnHOYrmUFhrQ", "expire_date": "2024-03-13T10:38:54.947"}}, {"model": "sessions.session", "pk": "yofv3ucyryohb5u4yw5s4q8suoo63i8f", "fields": {"session_data": "eyJzaG9wcGluZ19jYXJ0Ijp7IjciOjF9fQ:1roAck:SEY8D4tfulU76g6hkrzrQHQg-XxA212FeVseWMHhZNY", "expire_date": "2024-04-06T23:18:02.697"}}, {"model": "sites.site", "pk": 1, "fields": {"domain": "https://thunder-nutrition-6bac86cc4153.herokuapp.com/", "name": "Thunder Nutrition"}}, {"model": "account.emailaddress", "pk": 1, "fields": {"user": 1, "email": "admin@admin.com", "verified": true, "primary": true}}, {"model": "account.emailaddress", "pk": 9, "fields": {"user": 9, "email": "cesargarcia.elder@gmail.com", "verified": true, "primary": true}}, {"model": "account.emailaddress", "pk": 10, "fields": {"user": 10, "email": "dhyanagarey@gmail.com", "verified": true, "primary": true}}, {"model": "account.emailaddress", "pk": 11, "fields": {"user": 11, "email": "mmxmatos@gmail.com", "verified": true, "primary": true}}, {"model": "account.emailaddress", "pk": 12, "fields": {"user": 12, "email": "j@d.ie", "verified": false, "primary": true}}, {"model": "account.emailaddress", "pk": 13, "fields": {"user": 13, "email": "jonasluiss@gmail.com", "verified": false, "primary": true}}, {"model": "account.emailaddress", "pk": 14, "fields": {"user": 14, "email": "matheuslima016@gmail.com", "verified": true, "primary": true}}, {"model": "account.emailaddress", "pk": 15, "fields": {"user": 15, "email": "jehdonelli@gmail.com", "verified": true, "primary": true}}, {"model": "account.emailaddress", "pk": 16, "fields": {"user": 16, "email": "mrunknown@nmh.ie", "verified": false, "primary": true}}, {"model": "account.emailaddress", "pk": 17, "fields": {"user": 17, "email": "peler56189@aersm.com", "verified": true, "primary": true}}, {"model": "account.emailaddress", "pk": 18, "fields": {"user": 18, "email": "mojayaf488@glaslack.com", "verified": true, "primary": true}}, {"model": "products.category", "pk": 3, "fields": {"name": "whey-protein", "display_name": "Whey Protein"}}, {"model": "products.category", "pk": 4, "fields": {"name": "whey-isolate", "display_name": "Whey Isolate"}}, {"model": "products.category", "pk": 5, "fields": {"name": "vegan-protein", "display_name": "Vegan / Plant Protein"}}, {"model": "products.category", "pk": 6, "fields": {"name": "powder-pre-workout", "display_name": "Powder Pre-workout"}}, {"model": "products.category", "pk": 7, "fields": {"name": "energy-drinks", "display_name": "Energy Drinks"}}, {"model": "products.category", "pk": 8, "fields": {"name": "special-offers", "display_name": "Special Offers"}}, {"model": "products.category", "pk": 10, "fields": {"name": "deals", "display_name": "Deals"}}, {"model": "products.category", "pk": 11, "fields": {"name": "clearance", "display_name": "Clearance"}}, {"model": "products.product", "pk": 1, "fields": {"category": 3, "stock_number": "wp751984623", "name": "Optimum Nutrition Gold Standard 100% Whey Protein 908g", "description": "Optimum Nutrition GOLD STANDARD 100% WHEY is the world’s best-selling whey protein*. It delivers 24 g of whey protein per serving. \r\n\r\nGold Standard 100% Whey is best enjoyed first thing in the morning and/or during the 30 minutes just before or immediately after training. Simply mix one rounded scoop with 180-240ml of your favourite beverage in your ON shaker.\r\n\r\nThe World’s best selling whey protein powder.\r\n24 grams of premium whey protein\r\nLow in sugar fat and less than 120 calories", "price": "28.99", "image_url": "https://www.hpnutrition.ie/image/cache/catalog/Optimum%20Nutrition/2023/gold-standard-whey-2lb-1000x1000h.jpg", "image": "Optimum_Nutrition_Gold_Standard_100_Whey_Protein_908g.jpg"}}, {"model": "products.product", "pk": 2, "fields": {"category": 3, "stock_number": "wp632518470", "name": "Optimum Nutrition Gold Standard 100% Whey Protein 4.53kg", "description": "Optimum Nutrition GOLD STANDARD 100% WHEY is the world’s best-selling whey protein*. It delivers 24 g of whey protein per serving. \r\n\r\nGold Standard 100% Whey is best enjoyed first thing in the morning and/or during the 30 minutes just before or immediately after training. Simply mix one rounded scoop with 180-240ml of your favourite beverage in your ON shaker.\r\n\r\nThe World’s #1 selling whey protein powder\r\n24 g of premium whey protein and low in sugar", "price": "112.90", "image_url": "https://www.hpnutrition.ie/image/cache/catalog/Optimum%20Nutrition/2023/gold-standard-whey-10lb-1000x1000h.jpg", "image": "Optimum_Nutrition_Gold_Standard_100_Whey_Protein_4.53kg.jpg"}}, {"model": "products.product", "pk": 3, "fields": {"category": 3, "stock_number": "wp890273156", "name": "MyProtein Impact Whey Protein 1kg", "description": "MyProtein Impact Whey is a premium whey packed with 21g of protein per serving, for the everyday protein you need from a quality source — with all-natural nutritionals, it’s ideal for all of your fitness goals.\r\n\r\nWhat are the benefits?\r\n\r\n- 21g protein per serving  (Slight Variation between flavours)\r\n- 4.5g BCAAs\r\n- Low in sugar\r\nWhy Choose?\r\n\r\nIt’s convenient, high-quality protein that helps grow and maintain important muscle1 — and with just 1.9g of fat, 1g of carbs, and only 103 calories per serving, it’s here to support all your fitness goals.\r\n\r\nIt also includes the essential amino acids, including 4.5g of BCAAs — these naturally occur in protein which helps to build and repair new muscle1  — so you’re always ready for the next session.", "price": "25.90", "image_url": "https://www.hpnutrition.ie/image/cache/catalog/MyProtein/MyProtein-Impat-Whey-2500g-1000x1000.jpg", "image": "MyProtein_Impact_Whey_Protein_1kg.jpg"}}, {"model": "products.product", "pk": 4, "fields": {"category": 3, "stock_number": "wp426158937", "name": "PhD Smart Protein 510g", "description": "PhD Smart Protein 510g\r\nNew PhD Smart Protein is a deliciously versatile protein powder formulated with ground oats, for a fantastic taste and texture. Ideal for adding to your bakes & desserts to create delicious high protein treats, any time.Available in 4 delicious flavour options: Chocolate Brownie, Peanut Butter Cup, Lemon Drizzle Cake and Salted Caramel.\r\n\r\nDeliciously versatile protein powder\r\n19g protein\r\nLess than 1g of Sugar per serving\r\nLess than 116 calories per serving\r\n\r\n\r\nWhat is Smart Protein™\r\nSmart Protein™ is a new deliciously versatile protein powder that can be used in all sorts of ways; You can bake with it, include it in indulgent, home-made desserts, whip it into a tasty macro-friendly mousse or simply drink it.", "price": "15.90", "image_url": "https://www.hpnutrition.ie/image/cache/catalog/PHD/2024/smart-510g-chocolate-brownie-1000x1000.jpg", "image": "PhD_Smart_Protein_510g.jpg"}}, {"model": "products.product", "pk": 5, "fields": {"category": 3, "stock_number": "wp317495208", "name": "MuscleTech NitroTech Whey 908g", "description": "MuscleTech Nitro-Tech Protein\r\nTHE MOST POWERFUL PROTEIN FORMULA EVER DEVELOPED!\r\n\r\nHOW IT WORKS\r\nNITRO-TECH® is a scientifically engineered whey protein formula, and is enhanced with the most studied form of creatine for even better gains in muscle and strength. It also features whey protein, which is the most popular type of protein. Whey protein is made up of branched chain amino acids (BCAAs) and essential amino acids (EAAs), and has the highest biological value (the measure of how well your body absorbs and assimilates protein). The whey protein in NITRO-TECH is sourced primarily from whey peptides and whey isolate – two of the cleanest and purest protein sources available. Using these proteins on a daily basis is vital in helping to increase muscle protein synthesis for more muscle size and strength.\r\n\r\n30g PROTEIN\r\n3g CREATINE\r\n6.8g BCAAS\r\n5g GLUTAMINE & PRECURSOR", "price": "34.90", "image_url": "https://www.hpnutrition.ie/image/cache/catalog/Muscletech/2023/muscletech-whey-salted-909-1000x1000.jpg", "image": "MuscleTech_NitroTech_Whey_908g.jpg"}}, {"model": "products.product", "pk": 6, "fields": {"category": 6, "stock_number": "ppw59037128", "name": "Optimum Nutrition Gold Standard Pre Workout 330g", "description": "Gold Standard Pre-Workout is designed to unleash focus, power and performance while supporting energy to help you prepare for and get through your training. Whatever your goals, accomplish them with the pre-workout from the world’s most trusted brand in sports nutrition.\r\n\r\nEach serving of Gold Standard Pre-Workout contains:\r\n175 mg of caffeine from natural sources to help increase alertness and focus before training\r\nCreatine for Power and Performance\r\nVitamins B 1, B 3, B 5, B 6 and B 12 which all contribute to normal energy yielding metabolism\r\nIncludes foundational ingredients; CarnoSyn Beta-Alanine, Citrulline, L-Carnitine & N-Acetyl-Tyrosine", "price": "19.48", "image_url": "https://www.hpnutrition.ie/image/cache/catalog/Optimum%20Nutrition/2021%20Pre/optimum-pre-workout-1000x1000h.jpg", "image": "Optimum_Nutrition_Gold_Standard_Pre_Workout_330g.jpg"}}, {"model": "products.product", "pk": 7, "fields": {"category": 6, "stock_number": "ppw83729465", "name": "Cellucor C4 Pre Workout 360g 60 Serv.", "description": "Cellucor C4 is still your favourite pre workout you all know and love but with a little twist, enter C4 Original by Cellucor. With an all new sleek design, one thing remains the same and that is the explosive energy and focus jam packed in the best tasting pre workout of all time. There's nothing better for those who are new to the pre workout category than Cellucor C4 Original, the perfect blend of energy for anyone looking to gain that extra edge in the gym. Take a scoop or two of C4 Original and experience what all the hype is about. You can take it as a shot or add in extra water and sip on it to enjoy the great taste! There is a reason C4 Original is one of the highest rated pre workouts of all time. Try for yourself and turn your workout into one of the best.", "price": "26.90", "image_url": "https://www.hpnutrition.ie/image/cache/catalog/Cellucor/C4%2060%20Serving/Cellucor-c4-60-high-res-1000x1000.jpg", "image": "Cellucor_C4_Pre_Workout_360g_60_Serv..jpg"}}, {"model": "products.product", "pk": 8, "fields": {"category": 6, "stock_number": "ppw42615893", "name": "Mutant Madness Pre Workout 225g", "description": "MUTANT MADNESS seizes the pre-workout experience and launches it into the stratosphere! This extra premium formula will jolt your senses and help fight fatigue. Crazy pumps, razor sharp focus, and blistering intensity await you, in SIX insane flavors. We warn you — read the entire label first before trying — MUTANT MADNESS must be used responsibly!", "price": "16.90", "image_url": "https://www.hpnutrition.ie/image/cache/catalog/Mutant/mutant-madness-30-servings-orange-1000x1000.jpg", "image": "Mutant_Madness_Pre_Workout_225g.jpg"}}, {"model": "products.product", "pk": 9, "fields": {"category": 6, "stock_number": "ppw96301472", "name": "MyProtein Alpha Preworkout 600g", "description": "It’s time to give your body that extra boost before you even step foot in the gym. Our Alpha Pre-Workout is your new secret weapon.\r\n\r\nOur hard-hitting no-nonsense formula is packed with key pre-workout ingredients, including citrulline malate, beta alanine, and caffeine to take your training to the next level1.\r\n\r\nStart maximising your workout before you even walk through the door.\r\n\r\nKey Benefits\r\n\r\n- 300mg caffeine per serving\r\n- Increases endurance performance and capacity1\r\n- Improves concentration and alertness1", "price": "18.90", "image_url": "https://www.hpnutrition.ie/image/cache/catalog/MyProtein/alpha-myprotein-600g-1000x1000.jpg", "image": "MyProtein_Alpha_Preworkout_600g.jpg"}}, {"model": "products.product", "pk": 10, "fields": {"category": 6, "stock_number": "ppw18570234", "name": "REDCON1 Total War 441g", "description": "Train and compete with lights out intensity and energy. Total War is what every pre workout wishes it was, packing more fire power per serving than anything in its class. Whether you train before work or school, middle of the day, or later in the evening Total War has the ability to come through every time out. The powerful combination of stimulants and focus factors along with N.O. compounds makes Total War an all-in-one pre workout supplement. Enjoy the most energy, focus, and skin splitting pumps you’ve ever felt during a workout. You won’t want to go home at 30 or 40 minutes, but instead somebody will need to pull you out of the gym. Total War is not for the faint of heart, but for the serious athlete or gym goer who expects to perform at the highest level of readiness when called upon.", "price": "28.90", "image_url": "https://www.hpnutrition.ie/image/cache/catalog/REdcon1/redcon1-total-war-rainbow-candy-1000x1000.jpg", "image": "REDCON1_Total_War_441g.jpg"}}, {"model": "products.product", "pk": 11, "fields": {"category": 7, "stock_number": "engd4876329", "name": "Monster Energy Drink Zero Sugar 12 x 500ml", "description": "Monster Energy Zero Sugar. The same iconic Monster Energy flavour, the same mind-blowing energy, now with zero sugar.\r\n\r\nThis changes everything! Great tasting, smooth easy drinking zero sugar energy filled with taurine, ginseng, L-carnitine, 160mg caffeine and B vitamins.\r\n\r\nZero Sugar, 100% Monster. Level up! Tear into a can of Monster Energy Zero Sugar.\r\n\r\n- Serve ice cold for maximum refreshment.\r\n- Contains 12 individual 500ml cans.\r\n- Carbonated energy drink with taurine, ginseng, L-carnitine, 160mg caffeine and B vitamins with sweeteners.\r\n-Zero sugar.", "price": "19.90", "image_url": "https://www.hpnutrition.ie/image/cache/catalog/Monster/2023/monster-ultra-zero-orginal-12-1000x1000.jpg", "image": "Monster_Energy_Drink_Zero_Sugar_12_x_500ml.jpg"}}, {"model": "products.product", "pk": 12, "fields": {"category": 7, "stock_number": "engd5910342", "name": "Cellucor C4 Smart Energy Can 330ml x 12", "description": "Cellucor C4 Smart Energy Can 330ml | From the makers of the world's best-selling Cellucor C4 pre-workout, discover Cellucor Smart Energy, a superb on-the-go energy drink when you need it most! \r\n\r\nProvides natural energy and focus with added vitamin C. A great pre or post workout just to help you enjoy the day, whether it's work, rest or sports!  Lower dose caffeine than their original \"C4\" energy drinks, drink throughout the day, at your desk, on the go - or just because it's good. Let's face it, we all need energy at all times of the day.", "price": "18.31", "image_url": "https://www.hpnutrition.ie/image/cache/catalog/Cellucor/c4-smart-energy/c4-smart-energy-cans-HPnutrition-1000x1000.jpg", "image": "Cellucor_C4_Smart_Energy_Can_330ml_x_12.jpg"}}, {"model": "products.product", "pk": 13, "fields": {"category": 7, "stock_number": "engd2087365", "name": "NXT Nutrition TNT Nuclear Pre Workout Shot (12x60ml)", "description": "TNT Nuclear Shots are a high intensity pre-training formula that is designed to give the user exactly what is needed before intense training session; muscle power, and high energy. TNT Nuclear Shots come in Orange and Kiwi Lime flavours made with caffeine, amino acids and vitamins.\r\n\r\nThe world’s strongest pre-workout shot, TNT Nuclear Shot is designed to give you an explosive uplift in energy & strength immediately prior to your workouts. \r\nFormulated with a blend of ingredients that are scientifically proven to buffer lactic acid, increase endurance, and enhance overall strength, TNT Nuclear Shot is able to skyrocket your performance within seconds of ingestion!", "price": "17.90", "image_url": "https://www.hpnutrition.ie/image/cache/catalog/NXT/nxt-nuclear-TNT-pre-workout-shots-1000x1000.jpg", "image": "NXT_Nutrition_TNT_Nuclear_Pre_Workout_Shot_12x60ml.jpg"}}, {"model": "products.product", "pk": 14, "fields": {"category": 7, "stock_number": "engd3769205", "name": "Nocco BCAA 330ml x 12 Pack *20% OFF*", "description": "NOCCO is the fastest growing brand for BCAA-based sports drinks in Europe! All NOCCO products contain proteins in the form of BCAA (branched chain amino acids), are lactose-free, without carbohydrates and therefore without sugar! BCAA are three essential amino acids: leucine, valine and isoleucine. These cannot be produced independently by the human body and therefore need to be supplied via food. Branched-chain amino acids are essential for building, expanding and protecting the muscles. They also help delay fatigue during sporting activities.", "price": "23.37", "image_url": "https://www.hpnutrition.ie/image/cache/catalog/NOCCO/nocco-12-cans-1000x1000.jpg", "image": "Nocco_BCAA_330ml_x_12_Pack.jpg"}}, {"model": "products.product", "pk": 15, "fields": {"category": 7, "stock_number": "engd1548927", "name": "Little Dragon Extreme Pre Workout Shots x 24 (2 x 12)", "description": "Get fired up for your workout with Extreme Pre Workout. Extreme is an innovative, powerful pre workout shot, designed to be consumed prior to physical activity for a surge in energy, power and endurance. The product is informed Sport approved having undergone WADA testing making it suitable for the elite drug tested athlete.\r\n- 200mg of Caffeine increases energy and alertness.\r\n- 300mg of Choline Citrate increases focus & performance.\r\n- 2g of L-arginine may increase performance by increasing nitric oxide in the body, which improves blood flow and oxygenation to muscles.\r\n- 2g of Beta Alanine increases carnosine, which may reduce the acidity in muscles during high-intensity exercise.\r\n- 1g of Citrulline promotes vasodilation, the widening of blood vessels, to improve blood flow and oxygen delivery around the body.\r\n- Vitamins B2, B6 & B12 contribute to a normal energy-yielding metabolism.", "price": "24.90", "image_url": "https://www.hpnutrition.ie/image/cache/catalog/Little%20Dragon/2023/LITTLE-DRAGON-3-1000x1000.jpg", "image": "Little_Dragon_Extreme_Pre_Workout_Shots_x_24_2_x_12.jpg"}}, {"model": "products.product", "pk": 16, "fields": {"category": 4, "stock_number": "wpi87962413", "name": "Dorian Yates Shadowhey Isolate 2kg", "description": "Shadowhey Isolate contains only pure, cross-flow filtered whey protein isolate for maximum bioavailability.\r\n\r\nContains 26 grams** of the highest quality, rapid-acting whey protein isolate per serving, ideal for post-workout or a quick surge of convenient protein.\r\n\r\nShadowhey Isolate contains 0 grams of sugar and 0 grams of fat per serving, making it the standout whey isolate product on the market.\r\n\r\nWhen it comes to premium quality sources of protein for strength training athletes, there’s little disagreement that whey protein isolate ticks all the boxes.\r\n\r\nShadowhey Isolate contains only pure, crossflow filtered whey protein isolate for exceptional bioavailability in muscle-building amino acids. It is produced through multi-stage-crossflow microfiltration, which allows the best fractions of proteins to be obtained, while also improving their bioavailability properties.", "price": "64.90", "image_url": "https://www.hpnutrition.ie/image/cache/catalog/Dorian%20Yates/shadow-isolate-1000x1000.jpg", "image": "Dorian_Yates_Shadowhey_Isolate_2kg.jpg"}}, {"model": "products.product", "pk": 17, "fields": {"category": 4, "stock_number": "wpi30578692", "name": "Optimum Nutrition Gold Standard Whey Isolate 930g", "description": "Optimum Nutrition Gold Standard Whey Isolate 930g \r\nIntroducing GOLD STANDARD 100% WHEY ISOLATE, a hydrolyzed and ultra-filtered whey protein isolate superior to anything else on the market. To create the GOLD STANDARD of isolate protein, we start by selecting only the highest quality whey protein isolates. This is then carefully puried through an ultra-filtration process that leaves you with everything you want, and nothing you don’t. It’s as premium as protein gets. It’s GOLD STANDARD.", "price": "38.90", "image_url": "https://www.hpnutrition.ie/image/cache/catalog/Optimum%20Nutrition/Isolates/optimum-nutrition-whey-isoalte-strawberry-1000x1000.jpg", "image": "Optimum_Nutrition_Gold_Standard_Whey_Isolate_930g.jpg"}}, {"model": "products.product", "pk": 18, "fields": {"category": 4, "stock_number": "wpi57230948", "name": "Trec Whey Isolate 100 - 2kg", "description": "Experience TREC WHEY PROTEIN ISOLATE, ultra-filtered whey protein isolate that is superior to anything else on the market. That means a higher protein content, less sugar, and zero fat.*.\r\n\r\nIt’s your go-to everyday protein shake packed with 25.7g of protein per serving*, delivering a fast protein boost, when you need it most.\r\n\r\n- Packed with 25.7g of Whey Protein Isolate Per Serving\r\n- Almost Zero Fat and Zero Sugar\r\n- Contributes to the growth and maintenance of muscle mass\r\n\r\n\r\nTrec Whey Isolate 100 is a top-class whey protein isolate .. Isolate 100 provides the highest quality, quickly absorbed building ingredients that stimulate the growth and regeneration of muscle fibers.", "price": "54.90", "image_url": "https://www.hpnutrition.ie/image/cache/catalog/Trec%20/whey-isolate/trec-whey-isolate-2000g-1000x1000.jpg", "image": "Trec_Whey_Isolate_100_-_2kg.jpg"}}, {"model": "products.product", "pk": 19, "fields": {"category": 4, "stock_number": "wpi41873625", "name": "MyProtein Clear Whey Isolate 20 Serving", "description": "A refreshing and juicy post-workout protein boost.\r\n\r\nWinner of ‘The Best Sports Nutrition Product’ in the European Specialist Sports Nutrition Awards 2019.\r\n\r\nClear Whey Isolate is not just another protein shake. We’ve taken high-quality hydrolysed whey protein isolate and created a light and refreshing alternative — that’s more like juice than a milky protein shake.\r\n\r\nAnd, it tastes great too, with five fruity flavours including Bitter Lemon, Orange Mango, Peach Tea, Mojito, and Rainbow Candy,\r\n\r\n20g protein\r\nLight and refreshing\r\nNo milky taste or texture\r\n4g BCAAs and 3g glutamine\r\nLow in sugar\r\nFruity flavours", "price": "23.90", "image_url": "https://www.hpnutrition.ie/image/cache/catalog/MyProtein/myprotein-clear-whey-orange-mango-20servings-2023-1000x1000.jpg", "image": "MyProtein_Clear_Whey_Isolate_20_Serving.jpg"}}, {"model": "products.product", "pk": 20, "fields": {"category": 4, "stock_number": "wpi96321754", "name": "Dymatize ISO 100 Hydrolyzed Whey Protein Isolate 2.26kg", "description": "Everyone looking for a lean and powerful physique knows about the challenge of supporting the promotion of muscle protein synthesis and assuring the right caloric intake for your physique goals. This requires highest product quality, providing the right quantity of protein with as little surplus calories as possible. \r\n\r\n\r\n\r\nISO100 HYDROLYZED is a super premium combination of hydrolyzed whey protein isolate and whey protein isolate – the most advanced formula from DYMATIZE. Through enzymatic hydrolysis whey protein is broken down partially into amino acid chains, which makes it very easy to digest. ISO100 HYDROLYZED is a perfect choice after and even before exhausting workouts. Free from sugar and fat with less than 116 kcal per serving when mixed with water.", "price": "94.90", "image_url": "https://www.hpnutrition.ie/image/cache/catalog/Dymatize/iso-100/dymatize-whey-iso-100-2200g-1000x1000.jpg", "image": "Dymatize_ISO_100_Hydrolyzed_Whey_Protein_Isolate_2.26kg.jpg"}}, {"model": "products.product", "pk": 21, "fields": {"category": 5, "stock_number": "vp4803159627", "name": "Scitec 100% Vegan Plant Protein 1kg", "description": "Sugar-free\r\nGluten-free\r\nNo preservatives\r\nsource of combined plant-based protein\r\n\r\nWhat makes plant-based protein good?\r\n\r\nIf you are a committed vegetarian or vegan, or for some other reason (such as an intolerance) you prefer not to consume animal proteins, you will have to look into your options for plant-based protein sources. These, however, do not have a full amino acid profile as even if they contain all the essential amino acids, their relative ratio does not match human needs, as opposed to animal protein sources. As protein contributes to muscle growth and maintenance and to the maintenance of a normal bone structure*; it is necessary and important to consume an optimal amount of quality protein even if you lead a vegan lifestyle.", "price": "19.90", "image_url": "https://www.hpnutrition.ie/image/cache/catalog/Scitec%20Nutrition/Scitec%20Plant%20Protein/scitec-vegan-protein-1kg-1000x1000.jpg", "image": "Scitec_100_Vegan_Plant_Protein_1kg.jpg"}}, {"model": "products.product", "pk": 22, "fields": {"category": 5, "stock_number": "vp7263980415", "name": "Optimum Nutrition Gold Standard Plant Protein 684g", "description": "GOLD STANDARD 100% PLANT from OPTIMUM NUTRITION® is made from 100% vegan ingredients, contains a complete profile of amino acids and has no artificial colours or flavours. GOLD STANDARD 100% PLANT is now Vegan Society approved and Informed Choice certified.\r\n\r\nOptimum Nutrition plant based protein powder, gluten-free, 100% vegan; designed for pro athetes and sports lovers on vegan or vegetarian diet.\r\n\r\nHigh protein powder packed with 24g of plant protein to support the growth and maintenance of muscle mass*.\r\n\r\nVegan society approved protein powder with complete amino acid profile; no artificial colours or flavours.\r\n\r\nThis plant protein powder contains Vitamin B12 and C that contribute to normal energy-yielding metabolism and reduction of tiredness and fatigue", "price": "20.90", "image_url": "https://www.hpnutrition.ie/image/cache/catalog/Optimum%20Nutrition/2023/optimum-plant-protein-vanilla-1000x1000h.jpg", "image": "Optimum_Nutrition_Gold_Standard_Plant_Protein_684g.jpg"}}, {"model": "products.product", "pk": 23, "fields": {"category": 5, "stock_number": "vp1395706284", "name": "Trec Soy Protein Isolate Plant Protein 750g", "description": "SOY PROTEIN ISOLATE is a high-protein supplement containing soy protein isolate. It is a valuable source of complete protein, characterized by a low content of carbohydrates, fat and cholesterol. Despite their plant origin, proteins isolated from soy have properties very similar to popular animal proteins.\r\nSOY PROTEIN ISOLATE contains protein that contributes to the maintenance of muscle mass . The product is recommended as a protein supplement in the daily diet of physically active people and athletes.", "price": "14.90", "image_url": "https://www.hpnutrition.ie/image/cache/catalog/Trec%20/2022/New%20Formula/trec-soy-isolate-750g-1000x1000.jpg", "image": "Trec_Soy_Protein_Isolate_Plant_Protein_750g.jpg"}}, {"model": "products.product", "pk": 24, "fields": {"category": 5, "stock_number": "vp9428560137", "name": "REDCON1 Green Beret Vegan Plant Protein 960g", "description": "- Plant Based Protein\r\n\r\n- No Artifical Flavours\r\n\r\n- Gluten free\r\n\r\n- No Artifiacl Dyes\r\n\r\n- 20g Protein\r\n\r\nWe never in a million years thought Redcon1 would release a vegan-friendly supplement but here we Green Beret is here! Green Beret is naturally sweetened, non-GMO, and made without any artificial colors, flavors or dyes. Green Beret is powered by a blend of three different plant-based sources of protein including pea isolate, brown rice, and quinoa protein. The macros outside of the 20g protein are 5g of carbohydrates with a gram of that being fiber, zero sugar, 2g of fat, and 120 calories per serving. Vegan bodybuilder, powerlifters and fitness fanatics can rejoice because unlike most vegan proteins Green Beret tastes absolutely delicious!", "price": "31.78", "image_url": "https://www.hpnutrition.ie/image/cache/catalog/REdcon1/Vegan/redcon1-green-bereat-vegan-1000x1000.jpg", "image": "REDCON1_Green_Beret_Vegan_Plant_Protein_960g.jpg"}}, {"model": "products.product", "pk": 25, "fields": {"category": 5, "stock_number": "vp5730218964", "name": "OstroVit Vegan Plant Protein Blend 700g", "description": "OstroVit Vegan Protein Blend is a high-quality blend of plant-based proteins that contains nearly 80% protein. This is a dietary supplement designed for vegetarians and vegans. The preparation is a valuable addition to the daily diet and support among physically active people, who are distinguished by an increased demand for the macronutrient.\r\n\r\n- High vegetable protein content - one serving of the dietary supplement provides the body with 23 g of protein.\r\n- Source of BCAA amino acids - a serving of the product contains 3.9 g of branched-chain amino acids.\r\n- The richness of EAA - a serving of the product provides the body with 10 g of essential amino acids.\r\n- Suitable for vegetarians and vegans - dietary supplement is free of ingredients of animal origin, so it works great among people observing dietary restrictions.\r\n- No added sugar and aspartame - the nutrient contains low-energy sweeteners such as sucralose and acesulfame K, which contributes to lowering the calorie content of the product and the diet.\r\n- 1 serving = 2 scoops.\r\n- Performance - the package of the preparation with a capacity of 700 g contains 23 portions of nutrient.\r\n- Delicious flavor variants - melt-in-the-mouth chocolate or sweet strawberry - everyone will find a product that suits their taste preferences.", "price": "12.90", "image_url": "https://www.hpnutrition.ie/image/cache/catalog/Ostrovit/NEW/2023/ostrovit-vegan-protein-blend--1000x1000.jpg", "image": "OstroVit_Vegan_Plant_Protein_Blend_700g.jpg"}}, {"model": "products.product", "pk": 26, "fields": {"category": 10, "stock_number": "dl394027518", "name": "HPnutrition Shaker Bottle Doube Pack 600ml", "description": "• Fresh and modern WAVE design\r\n• 800 ml capacity (measurement up to 600 ml)\r\n• Graded scale in ml and oz\r\n• 100% leak proof\r\n• High quality, non-toxic plastic \r\n• Mixing mesh snaps to lid \r\n• Microwave, dishwasher and freezer safe\r\n• Twist lid and cap\r\n• BEP and DEHP free\r\n• European made plasticware", "price": "7.49", "image_url": "https://www.hpnutrition.ie/image/cache/catalog/HPNutrition.ie/Shakers/hpnutrition-shaker-double-pack-1000x1000.jpg", "image": "HPnutrition_Shaker_Bottle_Doube_Pack_600ml.jpg"}}, {"model": "products.product", "pk": 27, "fields": {"category": 10, "stock_number": "dl806159274", "name": "Via Fortis Fabric Loop Band", "description": "For the best comfort during your workout, our new fabric LOOP BANDS are your first choice: Super skin-friendly, non-slip and without the annoyance of rolling up you can rely on the STOFF LOOP BANDS.\r\n\r\nFABRIC INSTEAD OF RUBBER: The textile material of our new fitness bands is skin-friendly, non-slip and does not curl up\r\nTEAR-RESISTANT & DURABLE: Our LOOP BANDS made of fabric cannot tear and will last a lifetime. The specially developed fabric is extremely resilient and stretchable\r\nWITH INSTRUCTIONS & BAG: When you order, you will receive a small bag for the loops and detailed exercise instructions as a free download", "price": "10.90", "image_url": "https://www.hpnutrition.ie/image/cache/catalog/Via%20Fortis/VIA-FORTIS-FABRIC-LOOP-BANDS-1000x1000w.JPG", "image": "Via_Fortis_Fabric_Loop_Band.jpg"}}, {"model": "products.product", "pk": 28, "fields": {"category": 10, "stock_number": "dl215830497", "name": "Power System ELITE Weight Lifting 6inch Leather Belt PS-3030", "description": "Extra wide, 15cm thick belt made of genuine leather.\r\n\r\nThis belt can perfectly hold back and stomach even during the most difficult exercises.\r\n\r\nBelt is designed specifically for the power-lifter.\r\n\r\nThe inner side is anatomically padded foam coated with a fine layer of leather with double stitching that ensures durability.\r\n\r\nThe Power System 3030 Belt is finished with a large buckle with two prongs, which ensures perfect tightening around the back and abdomen.", "price": "31.98", "image_url": "https://www.hpnutrition.ie/image/cache/catalog/Power%20System/Power%20System%20Banners/power-system-elite-3030-weightling-belt-1000x1000.jpg", "image": "Power_System_ELITE_Weight_Lifting_6inch_Leather_Belt_PS-3030.jpg"}}, {"model": "products.product", "pk": 29, "fields": {"category": 10, "stock_number": "dl730649182", "name": "Power System 2570 Women Power Gym Gloves", "description": "- Airtex material on the back of gloves for the management of moisture\r\n- Back 4way gloves made ​​of flexible, lightweight material,\r\n- Silicone printed on the bottom of the hand for a better grip.\r\n- Glove made of high quality plastic Amara\r\n- Closing with velcro for a strong match", "price": "8.90", "image_url": "https://www.hpnutrition.ie/image/cache/catalog/Power%20System/2570%20Womens%20Gloves/POWER-SYSTEM-2570-NEW-1000x1000.jpg", "image": "Power_System_2570_Women_Power_Gym_Gloves.jpg"}}, {"model": "products.product", "pk": 30, "fields": {"category": 10, "stock_number": "dl912540687", "name": "SiS Go Hydro Electrolyte Triple Pack Hydration Tablets (3 x 20)", "description": "SIS GO Hydro is a sugar free electrolyte drink that makes it simple and easy to stay hydrated. When you sweat, you lose vital minerals so it's important that they are replenished. With key electrolytes, sodium, B Vitamins and magnesium, SIS Go Hydro is your number one choice. \r\n\r\nSIS GO Hydro is designed to ensure you are effectively hydrated to produce your best performance. As an effervescent tablet that readily dissolves in plain water, it represents a highly practical approach (simply drop one tablet in your 500 ml water bottle) without the calories.", "price": "15.90", "image_url": "https://www.hpnutrition.ie/image/cache/catalog/SIS-Science-In-Sport/SIS-stacks/sis-go-hydro-tripple-pack-1000x1000.jpg", "image": "SiS_Go_Hydro_Electrolyte_Triple_Pack_Hydration_Tablets_3_x_20.jpg"}}, {"model": "products.product", "pk": 31, "fields": {"category": 11, "stock_number": "cl8247059136", "name": "Biotech USA L-Glutamine 500g", "description": "-The most abundant amino acid in the body\r\n-Essential pro-anabolic amino acid\r\n-Increase lean muscle mass\r\n-Prevent protein breakdown\r\n-The strongest anti-catabolic agent\r\n-Muscle regeneration after physical training\r\n\r\nGlutamine is one of the highest quality, maximum potency pure Glutamine available on the market. Designed to increase lean muscle mass, Glutamine is an incredible breakthrough in sports nutrition supplementation.", "price": "19.90", "image_url": "https://www.hpnutrition.ie/image/cache/catalog/Biotech%20Usa/1%20New%20Caps/Tubs/biotechusa-l-glutamine-500g-1000x1000.jpg", "image": "Biotech_USA_L-Glutamine_500g.jpg"}}, {"model": "products.product", "pk": 32, "fields": {"category": 11, "stock_number": "cl5679380421", "name": "Biotech USA BCAA & Glutamine Zero 480g", "description": "BCAA or glutamine? This eternal question is no more discussed, as the answer is: both!  Their supplementation can come in handy before, during and after high-intensity or prolonged trainings, as high percentage of your solid muscle mass is built up by BCAAs (L-leucine, L-isoleucine, L-valine) and glutamine (in cooperation with the other amino acids). Have them from now on as a pair! By using the BioTechUSA BCAA + Glutamine Zero product you can supplement both in an easy and practical way. Do not stop at halfway, give an extra boost to your muscles!", "price": "21.90", "image_url": "https://www.hpnutrition.ie/image/cache/catalog/Biotech%20Usa/1%20New%20Caps/Tubs/bcaa-glutamine-zer0-480g-1000x1000.jpg", "image": "Biotech_USA_BCAA__Glutamine_Zero_480g.jpg"}}, {"model": "products.product", "pk": 33, "fields": {"category": 11, "stock_number": "cl1098357264", "name": "Fulfil Chocolate Salted Caramel Protein Bars 15 x 55g", "description": "The bar that raises the bar. You don't have to sacrifice taste or nutrition with FULFIL Vitamin and Protein Bars. Each 55g bar is packed with 20g protein, less than 3g sugar, and 30% the recommended daily allowance of 9 vitamins. Our Chocolate Salted Caramel Flavour contains an indulgent milk chocolate coating surrounding a soft, silky salted caramel centre topped with a layer of crunchy crispies, with all the added benefits. Have you tried FULFIL bars yet? Why not give it the taste test instead of your usual granola, cereal, flapjack, supplement or healthy snack bar.\r\n\r\nThe FULFIL range of delicious and nutritious protein bars will always satisfy your hunger and with a range of exciting flavours you just need to pick your favourite. The perfect size to refuel and recharge, each bar contains 20g of protein, less than 3g of sugar and 9 essential vitamins. Whether you're rushing to the gym, climbing mountains, need a post workout re-fuel, or just on the daily commute – FULFIL is here to fuel you along the way, wherever your adventures take you. Whatever your dream is, you chase it and we’ll feed it. Life’s Wonderfuel !", "price": "32.90", "image_url": "https://www.hpnutrition.ie/image/cache/catalog/Fufil%20Nutrition/Chooclate%20Salted%20Caramel/fulfil-chooclate-salted-caramel-box-15-1000x1000.jpg", "image": "Fulfil_Chocolate_Salted_Caramel_Protein_Bars_15_x_55g.jpg"}}, {"model": "products.product", "pk": 34, "fields": {"category": 11, "stock_number": "cl2564893170", "name": "Power System POWER AB WHEEL 4006", "description": "A device for abdominal muscles.\r\n\r\n- Double wheels for greater stability.\r\n\r\n- Small dimensions,\r\n\r\n- Non-slip foam grips for added comfort.", "price": "12.90", "image_url": "https://www.hpnutrition.ie/image/cache/catalog/Power%20System/4006%20ab/4006-exercise-duo-wheel-1000x1000w.jpg", "image": "Power_System_POWER_AB_WHEEL_4006.jpg"}}, {"model": "products.product", "pk": 35, "fields": {"category": 11, "stock_number": "cl7431968025", "name": "OstroVit Creatine Monohydrate 300g", "description": "OstroVit Creatine Monohydrate is the highest-quality creatine monohydrate, which repeatedly enhances the anabolic, ergogenic and anti-catabolic effects of creatine.\r\n\r\nCreatine is an organic chemical compound that occurs naturally in the human body. It is usually supplied with animal products, ie meat, eggs or fish. Its beneficial effect is based on a simple mechanism that releases energy in the form of high-energy ATP (adenosine triphosphate) molecules through the breakdown of phosphocreatine in the muscles. Despite the fact that creatine is also contained in food, the only one way to 100% saturate our muscles with creatine is to supplementate it constantly.", "price": "11.90", "image_url": "https://www.hpnutrition.ie/image/cache/catalog/Ostrovit/NEW/2024/ostrovit-creatine-300g-natural-1000x1000.jpg", "image": "OstroVit_Creatine_Monohydrate_300g.jpg"}}, {"model": "products.product", "pk": 36, "fields": {"category": 3, "stock_number": "aaa", "name": "aaa", "description": "aaaa", "price": "-0.01", "image_url": null, "image": "amazon.png"}}, {"model": "checkout.order", "pk": 1, "fields": {"order_number": "89C4E3B0154E42C1BF8F896E1702AE67", "user_profile": 10, "full_name": "Dhyana Garey", "email": "dhyanagarey@gmail.com", "phone_number": "+353838456708", "country": "IE", "postcode": "d07wk06", "town_or_city": "dublin", "street_address1": "27 manor street", "street_address2": "flat 1", "county": "Dublin", "date": "2024-02-28T11:11:17.023", "delivery_cost": "0.00", "order_total": "38.96", "grand_total": "38.96", "original_shopping_cart": "{\"6\": 2}", "stripe_pid": "pi_3Ool28I8NvNINQ7F1yCaRBP4"}}, {"model": "checkout.order", "pk": 2, "fields": {"order_number": "BF6CC06AB07D43F88BE5204D8C9621D4", "user_profile": 9, "full_name": "Cesar Garcia", "email": "cesargarcia.elder@gmail.com", "phone_number": "0831833805", "country": "IE", "postcode": "D07KD59", "town_or_city": "Dublin", "street_address1": "Brunswick Street North", "street_address2": "Apt 33", "county": "Dublin", "date": "2024-02-28T12:33:13.177", "delivery_cost": "0.00", "order_total": "188.27", "grand_total": "188.27", "original_shopping_cart": "{\"6\": 1, \"2\": 1, \"1\": 1, \"7\": 1}", "stripe_pid": "pi_3OomItI8NvNINQ7F19LpQ35o"}}, {"model": "checkout.order", "pk": 3, "fields": {"order_number": "5046E0F1AE394442B36AA56754B48F98", "user_profile": null, "full_name": "Cezita conservador", "email": "jonasluiss@gmail.com", "phone_number": "3444", "country": "IE", "postcode": "D04 hhdr", "town_or_city": "Dublin", "street_address1": "83", "street_address2": null, "county": null, "date": "2024-02-28T19:59:41.063", "delivery_cost": "0.00", "order_total": "68.79", "grand_total": "68.79", "original_shopping_cart": "{\"7\": 1, \"1\": 1, \"34\": 1}", "stripe_pid": "pi_3OotEcI8NvNINQ7F12w1gMmW"}}, {"model": "checkout.order", "pk": 4, "fields": {"order_number": "ACB719A19CCE4D63964D4025CD9574A5", "user_profile": 9, "full_name": "Cesar Garcia", "email": "cesargarcia.elder@gmail.com", "phone_number": "0831833805", "country": "IE", "postcode": "D07KD59", "town_or_city": "Dublin", "street_address1": "Brunswick Street North", "street_address2": "Apt 33", "county": "Dublin", "date": "2024-02-29T00:02:43.340", "delivery_cost": "0.00", "order_total": "81.70", "grand_total": "81.70", "original_shopping_cart": "{\"31\": 1, \"5\": 1, \"7\": 1}", "stripe_pid": "pi_3Oox4xI8NvNINQ7F1QzBZsvr"}}, {"model": "checkout.order", "pk": 5, "fields": {"order_number": "640278ADE6F94970900074E97EB60617", "user_profile": 1, "full_name": "admin", "email": "admin@admin.com", "phone_number": "1234567890", "country": "IE", "postcode": "postcode", "town_or_city": "city", "street_address1": "st1", "street_address2": "st2", "county": "county", "date": "2024-03-03T05:57:41.176", "delivery_cost": "2.92", "order_total": "19.48", "grand_total": "22.40", "original_shopping_cart": "{\"6\": 1}", "stripe_pid": "pi_3Oq82nI8NvNINQ7F1oZlq9Fy"}}, {"model": "checkout.order", "pk": 6, "fields": {"order_number": "F26631576FFB4972A802D6B57B38BF8E", "user_profile": 1, "full_name": "admin", "email": "admin@admin.com", "phone_number": "1234567890", "country": "IE", "postcode": "postcode", "town_or_city": "city", "street_address1": "st1", "street_address2": "st2", "county": "county", "date": "2024-03-03T06:51:05.210", "delivery_cost": "0.00", "order_total": "0.00", "grand_total": "0.00", "original_shopping_cart": "{\"7\": 1, \"1\": 1, \"2\": 1}", "stripe_pid": "pi_3Oq8sqI8NvNINQ7F16hNljgT"}}, {"model": "checkout.order", "pk": 7, "fields": {"order_number": "69801D26F28E4642ADBD0E276F14C049", "user_profile": 18, "full_name": "Souro", "email": "mojayaf488@glaslack.com", "phone_number": "1234567890", "country": "IE", "postcode": "R1J1NN", "town_or_city": "aaaa", "street_address1": "aaaaaaaa", "street_address2": "aaaaaaa", "county": "aaaa", "date": "2024-03-28T19:51:17.150", "delivery_cost": "0.00", "order_total": "0.00", "grand_total": "0.00", "original_shopping_cart": "{\"2\": 1}", "stripe_pid": "pi_3OzOyLI8NvNINQ7F10zJ1jGN"}}, {"model": "checkout.orderlineitem", "pk": 1, "fields": {"order": 1, "product": 6, "quantity": 2, "lineitem_total": "38.96"}}, {"model": "checkout.orderlineitem", "pk": 2, "fields": {"order": 2, "product": 6, "quantity": 1, "lineitem_total": "19.48"}}, {"model": "checkout.orderlineitem", "pk": 3, "fields": {"order": 2, "product": 2, "quantity": 1, "lineitem_total": "112.90"}}, {"model": "checkout.orderlineitem", "pk": 4, "fields": {"order": 2, "product": 1, "quantity": 1, "lineitem_total": "28.99"}}, {"model": "checkout.orderlineitem", "pk": 5, "fields": {"order": 2, "product": 7, "quantity": 1, "lineitem_total": "26.90"}}, {"model": "checkout.orderlineitem", "pk": 6, "fields": {"order": 3, "product": 7, "quantity": 1, "lineitem_total": "26.90"}}, {"model": "checkout.orderlineitem", "pk": 7, "fields": {"order": 3, "product": 1, "quantity": 1, "lineitem_total": "28.99"}}, {"model": "checkout.orderlineitem", "pk": 8, "fields": {"order": 3, "product": 34, "quantity": 1, "lineitem_total": "12.90"}}, {"model": "checkout.orderlineitem", "pk": 9, "fields": {"order": 4, "product": 31, "quantity": 1, "lineitem_total": "19.90"}}, {"model": "checkout.orderlineitem", "pk": 10, "fields": {"order": 4, "product": 5, "quantity": 1, "lineitem_total": "34.90"}}, {"model": "checkout.orderlineitem", "pk": 11, "fields": {"order": 4, "product": 7, "quantity": 1, "lineitem_total": "26.90"}}, {"model": "checkout.orderlineitem", "pk": 12, "fields": {"order": 5, "product": 6, "quantity": 1, "lineitem_total": "19.48"}}, {"model": "checkout.orderlineitem", "pk": 13, "fields": {"order": 6, "product": 7, "quantity": 1, "lineitem_total": "26.90"}}, {"model": "checkout.orderlineitem", "pk": 14, "fields": {"order": 6, "product": 1, "quantity": 1, "lineitem_total": "28.99"}}, {"model": "checkout.orderlineitem", "pk": 15, "fields": {"order": 6, "product": 2, "quantity": 1, "lineitem_total": "112.90"}}, {"model": "checkout.orderlineitem", "pk": 16, "fields": {"order": 7, "product": 2, "quantity": 1, "lineitem_total": "112.90"}}, {"model": "profiles.userprofile", "pk": 1, "fields": {"user": 1, "default_phone_number": "1234567890", "default_street_address1": "st1", "default_street_address2": "st2", "default_town_or_city": "Dublin", "default_county": "county", "default_postcode": "postcode", "default_country": "IE"}}, {"model": "profiles.userprofile", "pk": 9, "fields": {"user": 9, "default_phone_number": "0831833805", "default_street_address1": "Brunswick Street North", "default_street_address2": "Apt 33", "default_town_or_city": "Dublin", "default_county": "Dublin", "default_postcode": "D07KD59", "default_country": "IE"}}, {"model": "profiles.userprofile", "pk": 10, "fields": {"user": 10, "default_phone_number": "+353838456708", "default_street_address1": "27 manor street", "default_street_address2": "flat 6", "default_town_or_city": "dublin", "default_county": "Dublin", "default_postcode": "d07wk06", "default_country": "IE"}}, {"model": "profiles.userprofile", "pk": 11, "fields": {"user": 11, "default_phone_number": null, "default_street_address1": null, "default_street_address2": null, "default_town_or_city": null, "default_county": null, "default_postcode": null, "default_country": null}}, {"model": "profiles.userprofile", "pk": 12, "fields": {"user": 12, "default_phone_number": null, "default_street_address1": null, "default_street_address2": null, "default_town_or_city": null, "default_county": null, "default_postcode": null, "default_country": null}}, {"model": "profiles.userprofile", "pk": 13, "fields": {"user": 13, "default_phone_number": null, "default_street_address1": null, "default_street_address2": null, "default_town_or_city": null, "default_county": null, "default_postcode": null, "default_country": null}}, {"model": "profiles.userprofile", "pk": 14, "fields": {"user": 14, "default_phone_number": null, "default_street_address1": null, "default_street_address2": null, "default_town_or_city": null, "default_county": null, "default_postcode": null, "default_country": null}}, {"model": "profiles.userprofile", "pk": 15, "fields": {"user": 15, "default_phone_number": "0838171367", "default_street_address1": "The Galvin Building, Grand parade", "default_street_address2": "Apt 25", "default_town_or_city": "Dublin", "default_county": "D18", "default_postcode": "D18NXY2", "default_country": "IE"}}, {"model": "profiles.userprofile", "pk": 16, "fields": {"user": 16, "default_phone_number": null, "default_street_address1": null, "default_street_address2": null, "default_town_or_city": null, "default_county": null, "default_postcode": null, "default_country": null}}, {"model": "profiles.userprofile", "pk": 17, "fields": {"user": 17, "default_phone_number": null, "default_street_address1": null, "default_street_address2": null, "default_town_or_city": null, "default_county": null, "default_postcode": null, "default_country": null}}, {"model": "profiles.userprofile", "pk": 18, "fields": {"user": 18, "default_phone_number": "1234567890", "default_street_address1": "aaaaaaaa", "default_street_address2": "aaaaaaa", "default_town_or_city": "aaaa", "default_county": "aaaa", "default_postcode": "R1J1NN", "default_country": "IE"}}]